type,var,Means Treated,Means Control,Std. Mean Diff.,Var. Ratio,eCDF Mean,eCDF Max,Std. Pair Dist.
original,distance,0.797642401749704,0.650435137233054,0.748227329417373,0.460403733148147,0.230012210012211,0.387301587301588,NA
original,Age,82.8222222222222,83.6428571428571,-0.242516538429207,0.752041708103549,0.0549417989417988,0.147936507936508,NA
original,Educationlower,0.142222222222222,0.514285714285714,-0.744430895507483,NA,0.372063492063492,0.372063492063492,NA
original,Educationhigher,0.857777777777778,0.485714285714286,0.744430895507483,NA,0.372063492063492,0.372063492063492,NA
matched,distance,0.649836566752041,0.650435137233054,-0.0030424231708042,0.994079049496045,0.00380690737833707,0.0714285714285731,0.0037433906296939
matched,Age,83.7204081632654,83.6428571428571,0.0229181144357318,1.0427933462221,0.00612244897959268,0.07142857142857,0.0222569664526373
matched,Educationlower,0.514285714285716,0.514285714285714,1.4432899320127e-15,NA,1.4432899320127e-15,1.4432899320127e-15,0
matched,Educationhigher,0.485714285714287,0.485714285714286,1.33226762955019e-15,NA,1.33226762955019e-15,1.33226762955019e-15,0
