type,var,Means Treated,Means Control,Std. Mean Diff.,Var. Ratio,eCDF Mean,eCDF Max,Std. Pair Dist.
original,distance,0.481895298839353,0.46150502792462,0.258851643469665,0.602502627743039,0.0702108768035516,0.153797368003805,NA
original,Age,82.5,83.109243697479,-0.189507731049942,0.634433955763798,0.0468810165575664,0.122086570477248,NA
original,Educationlower,0.10377358490566,0.176470588235294,-0.190695649481453,NA,0.0726970033296337,0.0726970033296337,NA
original,Educationhigher,0.89622641509434,0.823529411764706,0.190695649481453,NA,0.0726970033296338,0.0726970033296338,NA
matched,distance,0.462378940393098,0.46150502792462,0.0110941968186778,0.978114057236965,0.0084033613445379,0.0504201680672269,0.0294768526194141
matched,Age,82.8403361344537,83.109243697479,-0.0836447916358545,0.767024503792305,0.0198079231692676,0.0672268907563023,0.100635139936867
matched,Educationlower,0.201680672268907,0.176470588235294,0.0661300071266106,NA,0.0252100840336134,0.0252100840336134,0.0578637562357845
matched,Educationhigher,0.798319327731092,0.823529411764706,-0.0661300071266114,NA,0.0252100840336137,0.0252100840336137,0.0578637562357844
